Florida,California,GI Clearing,Washington,Michigan,Colorado,Utah,Oregon,Regional Streamline,National Streamline,FIF,SCB & PD,Arizona,Texas,Pennsylvania,Ohio
Erika,Victor,Jessica,Roger,Alisa,Mark,Jaxon,Harper,Louise,Glen,Jammy,Jake,Morgan,Tommy,Rene,Melvin
Gerald,Parker,Lisa,Daniel,Martin,Gabriella,Maxo,Catherine,Maria,Robert,Leo,Kimberly,Kyle,Douglas,Alan,Ebenezer
Ralph,Angelina,Sharon,Aaron,Bill,Dennis,Vincent,Kimberly,Aurora,Anne,Dixon,Sandy,Liora,Morris,Richard,Merwin
Mona,Justin,Jillian,Mary,Reni,Nira,Robinson,Hanna,Eva,Lily,,Rudolph,,Emily,Tim,Jeff
Camile,Paula,,Cynthia,Jennifer,Ally,Jemimah,Nila,Jeffrey,Mason,,Claudia,,Benjamin,Mark,Gon
Olivia,White,,Arthur,Jerome,Felix,Seren,Jennie,James,Aura,,Jessica,,Stanly,Stephan,Albert
John,Claudia,,Asher,Kevin,,Scott,Stark,Laura,Kyler,,Nija,,Edward,Esther,Charles
William,Marc,,Amelia,,,Dixon,Livina,David,Astin,,Donald,,Nanny,Johanna,Nyra
Patricia,Luke,,Sophie,,,,Edwin,Sara,Sam,,Nicholas,,Jason,,Oliviya
Joseph,Colleen,,Adam,,,,Charlie,Gavril,,,Mauro,,Justin,,
Alex,Thomas,,Madison,,,,,Zara,,,Merylyn,,Sheila,,
Meghan,Hananiah,,Natalie,,,,,Carter,,,Dimitar,,Teresa,,
James,Janice,,,,,,,Maya,,,Rosa,,Mercy,,
Donald,Kurt,,,,,,,Jack,,,,,,,
April,Sam,,,,,,,Sarah,,,,,,,
Kyrie,Sylvia,,,,,,,Kelli,,,,,,,
Calvin,Simon,,,,,,,Regina,,,,,,,
Dwayne,Diana,,,,,,,Ruth,,,,,,,
Mercy,Malena,,,,,,,RyanB,,,,,,,
Richard,Elena,,,,,,,Anding,,,,,,,
Dorcas,Tessa,,,,,,,Valerie,,,,,,,
James,Jaime,,,,,,,Kosta,,,,,,,
Maverick,Matthew,,,,,,,RyanT,,,,,,,
Augustin,Marco,,,,,,,,,,,,,,
,Jessie,,,,,,,,,,,,,,